"key","title","id","number","oldStopNumber","revision","createdAt","updatedAt"
1,Model of a boat,686GMMnFN6AMqcu8YsmqGw,362,268,6,2015-08-24T08:51:46.082Z,2015-11-19T21:15:27.889Z
2,King Den's sandal label,2ZlZbOtULuKEgSQ8eEyOA,351,272,4,2015-10-18T10:44:49.075Z,2015-11-19T21:04:21.209Z
3,West frieze of two horsemen,6t4gvd15AIeiGQysogsi6g,269,332,5,2015-10-15T11:38:37.513Z,2015-11-20T12:47:19.984Z
4,Luristan bronzes,3SKuJqHXu0QY0Eea2KCm0I,426,NULL,6,2015-10-14T11:45:53.340Z,2015-11-19T21:08:32.607Z
5,East frieze of girls in procession,6f0ViQz840OW8MsIQ68M2s,256,337,5,2015-10-15T11:06:27.292Z,2015-11-19T20:19:27.956Z
6,Cowrie shells,6sl6p87Bg4aCi0O8mCwKSC,133,277,6,2015-10-14T18:58:40.570Z,2016-01-28T10:24:46.803Z
7,Cross of Bishop Timotheos,6rreuErR4cc0gaWcAIuoKw,341,NULL,5,2015-10-14T11:12:29.274Z,2015-11-19T20:04:47.675Z
8,Bowl with blue and white decoration,2UJEdPFZoAqsgEqw8A6e4U,294,196,7,2015-10-15T11:50:40.945Z,2015-11-19T16:46:41.644Z
9,The East pediment,71OwcIQGjeKQkeUy64Aiy6,262,321,6,2015-10-15T11:28:48.049Z,2015-11-20T11:55:14.794Z
10,Crystal skull,6jAmrp081yi0YAQo4e0S0g,161,151,7,2015-10-14T20:14:32.625Z,2015-11-25T16:21:20.450Z
11,Oxus treasure,50DCX0TJ7aQM6GocKwIkG2,423,250,6,2015-10-18T11:15:01.006Z,2015-11-19T21:30:39.788Z
12,Relief of a lion hunt,1NEBL59uRCQeqoQUGc6w2s,214,131,8,2015-08-24T08:22:14.464Z,2015-11-19T21:41:15.133Z
13,Statuette of a warrior on horseback,ip8NYgvLXiImOaMSaGEaG,572,293,4,2015-10-18T14:54:00.758Z,2015-11-20T11:46:24.838Z
14,Wall reliefs from Persepolis,7EocM5Zw1qOemiOQMAE2gM,425,NULL,8,2015-10-14T11:34:34.985Z,2015-11-20T13:00:38.953Z
15,Mixtec illustrated manuscript,3fScoWqaakS8QcmU0oYIEs,143,NULL,7,2015-10-13T19:25:35.795Z,2016-09-16T08:39:44.212Z
16,Haida sphinx,9rCSYmouXYQm0O6yWkKCY,154,NULL,7,2015-10-13T19:30:57.501Z,2016-09-16T08:44:22.727Z
17,The Palmer Cup,42Tp6LLPOgCMQ6aiwW2Skw,102,NULL,9,2015-08-24T08:33:04.254Z,2015-12-03T16:24:19.395Z
18,Piranesi Vase,1PL8yVP3ykEqe2cYAsAsEu,127,102,7,2015-08-24T08:17:31.709Z,2015-11-19T21:38:16.145Z
19,Brooch of the Lamb of God,15qTnw3ujG8M2egueyuSsW,474,NULL,6,2015-10-14T11:47:40.092Z,2015-11-19T16:53:20.444Z
20,The Royal Game of Ur,1xWQNJ2L2ASKseCew8SWeK,395,258,6,2015-10-18T11:05:19.372Z,2016-08-08T10:04:29.141Z
21,The Great Torc from Snettisham,5nrt5CAKjYGSUAYYaAw62K,443,243,5,2015-10-18T11:32:16.314Z,2015-11-26T21:33:40.719Z
22,Pair of Buddhapada,6XS3Tlj84Me8GUCGam0kEy,301,194,6,2015-10-15T11:53:27.582Z,2016-07-25T11:08:20.838Z
23,The Holy Thorn Reliquary ,6wYT1gvZAsmcICWYG40wWi,101,NULL,12,2015-08-24T08:32:38.185Z,2015-12-03T16:19:28.351Z
24,Trillion dollar poster,31TFZFlWQEqyeuAGY6wGGY,526,NULL,6,2015-10-14T12:01:01.106Z,2015-12-08T13:41:48.417Z
25,Aigina treasure,1c9CJCpG4yOIkcwoIy8Gks,223,136,7,2015-10-15T10:42:33.388Z,2015-11-28T17:01:21.144Z
26,Sculpture of Tlazolteotl,45blVzD3cQW0WWg4mQ8G42,144,177,6,2015-10-14T20:02:06.719Z,2016-09-16T08:40:13.442Z
27,Painted plate with naked figures,5VZkOuS1BSU2W02wGqYcyY,492,228,4,2015-10-18T11:52:12.057Z,2015-11-19T21:32:45.062Z
28,Wall-hanging of Actaeon and Artemis,4r5GzMReVy2w0I0Q2oKqsI,369,NULL,5,2015-10-14T11:18:07.560Z,2015-11-20T12:44:45.436Z
29,Blue-glazed shabti group,4rQ6lFn8eImmEeA4UAEOOC,363,267,6,2015-10-18T10:46:44.333Z,2015-11-19T16:44:25.055Z
30,Icon of the Triumph of Orthodoxy,1nFHLv5PoAeuqQYWawaaEg,503,221,5,2015-08-24T08:43:21.791Z,2015-11-19T20:52:50.425Z
31,Hoa Hakananai'a,OctvspUSWcG8Q6g2OCiIm,162,152,19,2015-08-24T08:26:30.541Z,2015-11-26T20:41:07.452Z
32,Bronze head of a young man,4VE1h9blOoYWGO28YUYGki,563,139,6,2015-10-18T14:50:55.996Z,2015-11-28T17:02:12.845Z
33,Relief of Aphrodite and Anchises,3fkGBWBJ4IymYsYsqG0CCm,272,145,4,2015-10-15T11:41:09.343Z,2015-11-19T21:39:48.713Z
34,Statue of a bearded man,79iWTuZAFUgeEEIA4qwYU4,561,291,6,2015-08-24T08:58:55.200Z,2015-11-20T11:45:22.905Z
35,Benin plaques,5jb3tDGAwEOmsykaU0YCWc,186,163,6,2015-08-24T08:27:23.431Z,2015-11-19T16:43:28.962Z
36,Citole,3TVbtWQrvWcQkeMY84WMQk,504,220,8,2015-08-24T08:42:59.746Z,2015-11-19T17:01:44.931Z
37,North frieze of a tray-bearer,23H5aIfPkgSWAySMam86wS,259,335,5,2015-10-15T11:13:41.449Z,2015-11-19T21:29:07.478Z
38,Sculpture of a horse's head,4NuBgP5wnK8uO6AOskMaoc,267,326,5,2015-10-15T11:35:49.019Z,2015-11-20T11:25:16.144Z
39,Kakiemon elephants,6xpngUWdCoCAgui0CacGaW,595,299,4,2015-10-18T15:05:10.975Z,2015-11-19T21:03:32.274Z
40,Igbo ritual vessel,3J1Cm7YIIo4oOu2cuoWI0O,174,161,5,2015-10-14T20:29:36.186Z,2015-11-19T20:53:22.378Z
41,Russian revolutionary plate,5cVrDrFNkQEmiSyQeamCKi,482,NULL,5,2015-10-14T11:50:11.179Z,2015-11-19T21:44:03.203Z
42,Dresser kettle and stand,t4avWnIv0OMA6QIwmeS8u,473,232,4,2015-10-18T11:47:53.435Z,2015-11-19T20:13:43.246Z
43,Sculpture of a winged bull,4hG8cKYwBG2gi4AuqEMUSk,216,133,5,2015-10-15T10:38:30.915Z,2015-11-20T11:25:56.884Z
44,Ewer and cover,2rQYiGyarSOwWmmoMWKaG6,332,212,7,2015-10-16T16:02:36.902Z,2015-12-07T14:13:37.307Z
45,Processional standards from Iran,4xwPhFW54cSAaCaYUuWCwu,295,200,7,2015-08-24T08:40:58.286Z,2015-11-19T21:37:46.216Z
46,Jar with a dragon,4nT0fmjNyw8gaAaYIO86IG,315,179,8,2015-08-24T08:34:19.807Z,2016-07-25T11:19:59.399Z
47,Ceremonial ballgame belt,4MEKt8gkLScgoeCqakWYq6,146,176,8,2015-10-14T20:11:03.871Z,2016-09-16T08:41:39.143Z
48,Double-headed serpent mosaic,4xMsCIAJdKeIEmooa20YcE,141,173,8,2015-08-24T08:31:30.641Z,2016-09-16T08:36:25.206Z
49,Ceremonial dagger from Oxborough,X92efvNeeq8Y6YyEyEWMS,436,249,4,2015-10-18T11:27:18.446Z,2015-11-19T17:00:43.598Z
50,Flask with birds and flowering tree,6NXGwuSTMAs4CCgYAyY6M2,334,211,6,2015-10-16T16:04:41.899Z,2015-11-28T17:03:54.331Z
51,Sphinx of King Taharqo,1K5T7UJdzOIOM4cimQ0CCq,342,274,4,2015-10-16T16:06:25.932Z,2015-11-20T11:44:01.914Z
52,Axehead,1qTGmJcws80YAGI6iMi2wK,434,248,5,2015-10-18T11:22:54.316Z,2015-11-19T16:41:14.674Z
53,Two British handaxes,1Pz0UD5ncgUQIKUEaEyyUw,122,NULL,9,2015-11-20T10:06:05.105Z,2015-11-28T17:26:54.070Z
54,Coin of Offa,1Gf3MrWv1OoeKI6omiyM2S,523,275,6,2015-10-18T14:34:21.420Z,2016-01-28T09:25:32.255Z
55,Vase with winged handles,SpArDlxMiYksM2QACIOe0,493,230,5,2015-10-18T11:53:56.566Z,2015-11-20T12:36:15.743Z
56,Artwork titled Man's Cloth,A9TP8bIOL6Guy4WE2wWi4,181,NULL,8,2015-10-14T09:03:55.835Z,2015-12-08T13:35:45.148Z
57,Pookmis mask,22626eTuvqSeO0oWEcm8iA,153,NULL,8,2015-10-13T19:27:35.143Z,2016-09-16T08:43:55.746Z
58,Column from a temple of Artemis,5pZIbcnbbOyiAyiI4gigsq,281,148,5,2015-10-15T11:42:34.632Z,2015-11-19T17:14:59.577Z
59,The Lion of Knidos,5b6p4IX3agyw64QGKACkEI,191,NULL,10,2015-08-24T08:59:55.468Z,2015-12-08T13:42:06.074Z
60,Relief of a winged bull,32E7VVTeVa8GE2gm20cKSE,217,130,6,2015-10-15T10:41:00.881Z,2015-11-20T15:26:37.617Z
61,Model of a gamelan ,4gAgs4WaGcAmsymaaQgsES,134,112,13,2015-08-24T08:21:24.151Z,2015-11-20T13:01:21.588Z
62,Leather skirt from Tanzania,PVlPg0U1QyiGcyaKaK8EU,187,NULL,7,2015-10-14T10:58:12.618Z,2015-11-19T21:06:09.808Z
63,Head and arm from a statue of King Amenhotep III,1u8eOwfOXimkMKeWaOqI6M,205,NULL,8,2015-10-14T11:07:02.887Z,2015-11-19T20:46:47.875Z
64,Zoomorphic pipes,2ZbCStylYkumiQwcO4mwG4,151,169,7,2015-08-24T08:28:25.213Z,2016-09-16T08:42:24.576Z
65,Helmet of a murmillo,11RnlayAgQEo0gKikyyUum,532,281,6,2015-10-18T14:40:22.244Z,2015-11-19T20:50:22.700Z
66,Sculpture of Aphrodite and Dione,1NYyobNyG4Yia4OEK6Memu,266,325,6,2015-10-15T11:34:43.852Z,2015-11-19T21:46:35.478Z
67,Model of cattle,2IPsXFqo8UeguYWsEKGYou,355,273,7,2015-08-24T08:52:34.238Z,2015-11-28T17:04:45.299Z
68,Woman's saddle,269Fl1ploU4GYeyowgIYIM,158,NULL,7,2015-10-13T21:08:29.269Z,2016-09-16T08:46:19.896Z
69,South frieze of a horse-drawn chariot,EgrfcTGUUKQC2OoSmGUOa,260,334,6,2015-10-15T11:24:20.961Z,2015-12-07T14:09:07.863Z
70,The Deblin Cup,5u2m58YjVCcuOmSUOKCEqe,104,NULL,10,2015-10-13T19:09:17.218Z,2015-11-20T11:52:06.211Z
71,The David Vases,1VuQ35xzekmMy6qkE6Wa4m,331,210,11,2015-08-24T08:59:15.387Z,2015-11-20T11:50:42.478Z
72,Yaxchilan lintel,6fA68VgSUogcW2WUSUimiw,145,174,7,2015-10-14T20:03:46.246Z,2016-09-16T08:40:48.974Z
73,Artwork titled Cradle to Grave,5ul6C15N96McSM8GkW4Cke,165,NULL,7,2015-10-13T21:15:43.509Z,2015-11-24T21:07:00.650Z
74,Rock gongs,3SV83kwBlm2MQkGU8egkEq,343,NULL,9,2015-10-14T11:13:31.596Z,2015-11-19T21:43:40.953Z
75,Wooden duck,78aeEyd4mAWES8g0G0SmSW,323,208,7,2015-08-24T08:53:56.552Z,2016-06-21T16:24:59.980Z
76,Ceramic tomb figures,1L07ZDowmkOkoEg8kGOuOW,314,178,7,2015-08-24T08:33:31.784Z,2016-07-25T11:18:51.602Z
77,Mosque lamp,1xI0eSek3Om46uI88gCQ02,293,201,4,2015-10-15T11:48:20.002Z,2015-11-19T21:23:21.848Z
78,Vase of a warrior and horse,69BvXcsXJYomqCG4UiwqOw,571,292,4,2015-10-18T14:52:37.553Z,2015-11-20T12:35:08.426Z
79,Mummy-mask of Satdjehuty,65OSjU7wv6mAuaggyiM2Yw,367,269,9,2015-08-24T08:51:07.880Z,2016-02-25T12:08:09.580Z
80,The Foundry Hoard,5uMuLiefdYGIws8QwU66ii,562,290,5,2015-10-18T14:49:16.965Z,2015-11-20T11:56:18.324Z
81,Mask of Tezcatlipoca,76UVNQgnnO06G8gy4cweeg,142,NULL,7,2015-10-13T19:24:00.032Z,2016-09-16T08:39:08.151Z
82,Stamp-seal of a unicorn,1RZvX0PHcE8KaaeaEWG48a,308,190,6,2015-10-15T12:01:54.791Z,2015-11-30T11:31:18.764Z
83,Knucklebone player,3vxf4IHK9qiMyKsUGEGkWO,114,NULL,7,2015-10-13T19:18:30.201Z,2015-11-19T21:05:18.995Z
84,Nereid Monument,1ELcsvhnW4A86sS0Su0AkA,242,142,7,2015-08-24T08:25:01.513Z,2015-11-19T21:27:56.826Z
85,Jericho skull,7mkKfTGc8guGSWCEKEGMUk,381,NULL,5,2015-10-14T11:22:04.988Z,2015-11-19T21:01:40.946Z
86,The Portland Vase,6dm3XbuJGggmosYGsQo6Iq,542,285,8,2015-08-24T08:57:59.027Z,2015-11-20T12:14:52.211Z
87,Maori bone comb,NiGRG39EmAYqYsOGuE2W2,132,111,7,2015-10-14T18:54:28.618Z,2015-11-19T21:10:20.539Z
88,Grinding stone,5BOhZ1D18Ao2mWCcCWqwUE,432,247,4,2015-10-18T11:19:41.082Z,2015-11-19T20:40:20.484Z
89,Sculpture of Hebe,Crdb7VU34cyYi6OGMEIMg,265,324,4,2015-10-15T11:33:39.448Z,2015-11-19T21:48:06.645Z
90,East frieze of a ritual,24lu9axfd2QkgcW6c6oYAk,258,339,6,2015-10-15T11:11:43.911Z,2015-11-19T20:18:34.768Z
91,Bronze ritual vessel,Zb7CsoeuqIW8SouQKGC8e,312,183,9,2015-08-24T08:36:50.082Z,2016-07-13T15:15:01.572Z
92,Pieces of eight,6j4ZIFRCvKKm2cOqAKqG0M,525,278,7,2015-08-24T08:57:04.115Z,2015-11-19T21:38:38.747Z
93,Australian bark shield,6hfjeFKFuEGcWqYyoKSOUS,131,110,7,2015-10-14T18:50:37.272Z,2015-11-26T21:31:40.246Z
94,The Hoxne Hoard,1MaAMYMiGEQkkK6YCkWOyY,455,235,7,2015-10-18T11:41:10.307Z,2015-11-20T12:07:59.358Z
95,Nereid Monument frieze,6lSg6do2zeYGoSQaCqCYoy,241,143,6,2015-10-15T10:54:18.964Z,2015-11-19T21:28:32.091Z
96,Introduction to the Enlightenment Gallery,12j1Czv91sGuYS6MECk0U4,120,340,8,2015-10-19T10:14:12.076Z,2015-11-30T08:30:53.915Z
97,Sculpture of Helios,6Yole8bkswYSsEgQ6Gc2wq,263,322,5,2015-10-15T11:31:10.819Z,2015-11-28T17:28:31.520Z
98,Jewellery and box,4lhpuSyoTu2msqGY2ScUwC,112,NULL,8,2015-10-13T19:14:35.769Z,2015-12-08T13:45:08.481Z
99,North frieze of horsemen,1bojvQsdoKyk0GwueGe0ug,268,333,7,2015-10-15T11:37:29.154Z,2015-11-30T10:54:49.080Z
100,Mildenhall treasure,iYeKxQo3C0ioMAYCMKuu8,454,238,5,2015-10-18T11:38:53.290Z,2015-11-19T21:13:24.356Z
101,Collection of shells,6YV4XeaoF206iGcIUMWE28,121,105,7,2015-08-24T08:18:48.454Z,2015-11-19T17:13:39.991Z
102,Ceramic bowl from The Path of Roses,4zlxmCyJgAgOcwGoOwqQkO,173,NULL,7,2015-10-13T21:26:13.508Z,2015-12-08T13:43:31.729Z
103,The Buddha preaching,3HwG7BrcsEOmUEw040e2Ys,305,187,7,2015-10-15T11:59:23.205Z,2016-07-13T14:21:06.802Z
104,Penny defaced by suffragettes,4KOTVzbNt6k04Iqo4yWwWW,527,279,4,2015-10-18T14:35:50.884Z,2015-11-19T21:35:20.136Z
105,Porcelain dish titled Dawn,4aqfq3kXQcU0GwsQ0IWaMy,597,NULL,6,2015-10-14T16:29:06.798Z,2015-12-08T13:44:05.950Z
106,Jade terrapin,4RTaD1eZ0IYqosAqGu6EeA,296,197,6,2015-10-15T11:52:07.893Z,2015-11-19T21:00:02.955Z
107,Sculptures from the Mausoleum of Halikarnassos,2ko4KdSLMYKw82yKAcqU0S,273,146,10,2015-08-24T08:26:09.617Z,2015-11-25T16:22:13.057Z
108,Cremation urn,31Xl2v9ukg8UMoy6yeWmCk,123,106,9,2015-08-24T08:19:15.999Z,2015-11-26T20:41:29.722Z
109,Inscribed pillar of King Asoka,1U9UIUN9DaMOeoc8UkI2wS,307,185,9,2015-08-24T08:37:57.239Z,2016-07-13T14:33:41.587Z
110,Ivory mask from Benin,3cCkxzlla0imO2Q68CSmcY,183,NULL,7,2015-10-14T10:53:41.717Z,2015-11-19T20:58:36.111Z
111,Year-going table clock,3cSvxjzuMEKISg8UESgyEC,511,216,4,2015-10-18T12:05:15.870Z,2015-11-20T12:49:35.103Z
112,Sculpture titled Tree of Life,1MQ21QWbVCuyI8uGWuIUei,171,NULL,7,2015-10-13T21:24:13.941Z,2015-11-20T11:27:09.469Z
113,Slit drum,1TBl3zD9uMuYmQuOcEGCM8,172,162,7,2015-08-24T08:26:48.352Z,2015-11-20T11:38:48.043Z
114,Relief of a chariot race,6MXFYi8iOIGqqaoI2EAECu,531,283,6,2015-10-18T14:37:48.839Z,2015-12-01T15:51:37.704Z
115,Gilgamesh flood tablet,pUYg7gkApwuGoWMSOeSM8,403,256,9,2015-08-24T08:48:51.198Z,2015-11-19T20:37:30.033Z
116,Balawat Gates of King Shalmaneser III,5tzVAnPg2cYKO6uAeUA82k,212,128,6,2015-10-15T10:31:39.979Z,2015-11-19T16:42:25.697Z
117,Amphora with Herakles,4n62pWuel26GUUG4iiQ6kA,234,NULL,9,2015-08-24T08:24:27.210Z,2015-11-24T16:59:27.831Z
118,Incense burner,pHC5dYxoXYua4OG426SkM,414,253,4,2015-10-18T11:13:23.336Z,2015-11-19T20:54:36.288Z
119,The Projecta Casket,7btoeWqKKQUU6OEswO626s,461,224,6,2015-08-24T08:43:51.383Z,2015-11-20T12:51:17.040Z
120,Door lintel,5hUIHJgIDYwIc8CieK0w66,164,153,7,2015-10-14T20:18:11.700Z,2015-11-19T20:11:49.408Z
121,Head of Augustus,5UBP1619pCIYkIWYsKaMA8,543,286,5,2015-10-18T14:46:09.645Z,2015-11-30T11:48:50.122Z
122,Figure of a running girl,MhfZDdtEcMAWcEQycgcwY,233,NULL,8,2015-08-24T08:24:10.519Z,2015-11-28T17:28:02.291Z
123,Painting of guardian kings,6Wr8NhErvOksagusSoa24k,327,NULL,9,2015-08-24T08:54:16.050Z,2015-12-08T13:43:48.101Z
124,Book of the Dead of Hunefer,2s5KlmztBO40MK20Wwmcu4,365,NULL,9,2015-08-24T08:50:46.945Z,2015-12-08T13:44:37.578Z
125,Sloane astrolabe,1NfrfgWuqUoyeMwSIeooo4,126,103,11,2015-08-24T08:17:56.196Z,2016-08-08T10:13:34.986Z
126,List of Egyptian kings,3tB07Xt1Ukw4CMqwcCMk4Y,207,121,6,2015-10-15T10:28:32.993Z,2015-11-19T21:08:05.201Z
127,The Queen of the Night,1WCh8k884E0QsYAsiOcqg6,396,261,5,2015-10-18T11:07:05.061Z,2015-11-20T12:17:04.737Z
128,Metope of a Centaur and Lapith,WkxEmHL60KKQo2QUIOcoO,261,327,5,2015-10-15T11:26:36.725Z,2015-11-19T21:12:30.515Z
129,Ivory plaque of a lioness,GuvtZJstqMuSkMwOkWWiU,382,NULL,5,2015-10-14T11:23:28.597Z,2015-11-19T20:59:07.314Z
130,Vase with butterflies and daylilies,106jIAAo2UCYUGyauCGegK,333,NULL,10,2015-08-24T08:59:35.815Z,2015-12-07T14:14:00.622Z
131,Painting titled Samramansang Moon Jar #1,1Jfwzwb1MMUyMUOeE6q2W6,321,NULL,9,2015-08-24T08:55:04.312Z,2015-11-19T21:33:55.254Z
132,The Warren Cup,CqrlQHw5jw882gAKIgm4u,541,287,8,2015-10-18T14:45:00.520Z,2015-11-20T12:25:32.663Z
133,Wall painting from Samarra,1CpF8UxYAYUK8MEy4KuSuu,291,198,4,2015-10-15T11:45:53.273Z,2015-11-20T13:00:36.602Z
134,Eagle coffin,59ucmYh9uUMQ6s0eGwo6Yg,167,156,8,2015-10-14T20:22:53.617Z,2016-07-25T11:07:02.621Z
135,Figure of a garuda,3I29w8hVhmA8kA6aUqOUQQ,310,NULL,8,2015-10-14T11:10:52.198Z,2016-07-13T14:32:20.117Z
136,Tomb of King Kybernis,52COPYYW2QEeAyK68Y8QI,237,140,5,2015-10-15T10:51:23.100Z,2015-11-20T12:26:57.424Z
137,Introduction to the Parthenon Gallery,2QxW2jyWgEsqIQWikYqYm0,250,320,4,2015-10-15T10:57:21.527Z,2015-11-16T12:58:28.960Z
138,Watercolour by Stephanoff,4h8PR9fU8gMOsS8yIWCYGS,124,104,8,2015-08-24T08:18:22.364Z,2015-11-20T12:46:14.254Z
139,Dragon tiles,2oTPi90TmkAS8OGiwKakae,317,NULL,8,2015-08-24T08:38:31.259Z,2015-12-08T13:44:51.491Z
140,Bodhisattva Tara,4VkTQcIJnGwCoueuEUi8kK,309,181,15,2015-08-24T08:36:08.419Z,2016-07-13T14:35:09.298Z
141,Vindolanda tablet,2Z7JG1Ag6QQik0CMMgssEW,451,239,4,2015-10-18T11:35:30.932Z,2015-11-20T12:43:32.254Z
142,Minoan bull and acrobat,12S6pj9kysuYyGco6kKKgK,222,135,7,2015-08-24T08:23:43.462Z,2015-11-19T21:14:29.952Z
143,Coin of Kumaragupta I,28aWX6c3o88S28as8smQU6,303,192,10,2015-10-15T11:56:59.359Z,2016-07-25T11:12:51.343Z
144,Coin of Abd al-Malik,76DLCFoMM0qOCO06kOKy4K,522,202,8,2015-10-18T12:15:52.909Z,2015-11-24T17:22:42.140Z
145,Mummy of Katebet,1tn1NOdQzSIYKG0SoAqea8,361,266,7,2015-08-24T08:51:26.244Z,2015-11-26T20:04:45.153Z
146,Sculpture of Shiva and Parvati,4NHIN3SJq0YIGAO6uOS0E8,302,188,6,2015-10-15T11:55:20.922Z,2016-07-13T13:36:53.531Z
147,Bronze bell,4sYTN1DTyMW8AwseqwcYmm,313,184,12,2015-08-24T08:37:15.053Z,2016-07-25T11:17:04.589Z
148,Caryatid from the Erechtheion,KrrZGGmJaKmOkSU0OwceW,271,144,5,2015-10-15T11:39:49.582Z,2015-11-24T17:01:00.734Z
149,Statue of crouching Aphrodite,5i2YDNBMRGckCE0cs6YM8o,243,150,5,2015-10-15T10:55:38.018Z,2015-11-20T11:45:57.182Z
150,Library of King Ashurbanipal,6uGk1PeYtGc20GuGmEoygI,404,NULL,5,2015-10-14T11:29:13.811Z,2015-11-19T21:07:03.762Z
151,Coin made of electrum,tdVkHNpWc8kqSA4uYegi8,521,NULL,6,2015-10-14T11:58:36.667Z,2015-11-19T17:05:16.183Z
152,The Folkton Drums,6BuFQJKtIAQWqy4GUEkQK,433,246,4,2015-10-18T11:21:29.968Z,2015-11-20T11:55:48.994Z
153,The Franks Casket,UEbfurWWyWSCSWgmKIU0G,466,NULL,8,2015-08-24T08:47:10.728Z,2016-08-08T10:12:16.150Z
154,Carving of the Burghead bull,6QkUuWWMEgEoMq0WAiuIYq,462,223,5,2015-10-18T11:42:55.729Z,2015-11-19T16:57:00.651Z
155,Bowl with swimming ducks,2ZnEnNcZS86WWSKaIOs2G8,325,NULL,10,2015-08-24T08:56:42.991Z,2015-11-19T16:47:15.705Z
156,Colossal sculpture of a scarab,BlLNcyvwvm6A2OcieAACg,201,NULL,7,2015-10-14T11:05:29.443Z,2015-11-19T17:14:15.431Z
157,Ram in a thicket,5lCyP0jqiACkoiS0wGQcyq,393,NULL,7,2015-10-14T11:26:59.650Z,2015-12-08T13:42:20.221Z
158,Sculpture of Ilissos,1LeH8nwo8gwKAwOGOuAqMU,252,329,9,2015-08-24T08:25:20.542Z,2015-11-19T21:49:11.503Z
159,Black Obelisk of King Shalmaneser III,6ruIkKwOrKYsSw2O2K4c0,211,127,5,2015-10-15T10:29:53.376Z,2015-11-19T16:43:57.580Z
160,Figure of seated cat,2mCx3B4sbW6WigMqyEm2Su,202,126,8,2015-10-15T10:24:56.410Z,2015-11-19T20:30:57.729Z
161,Sculpture of Dionysos,2Aop1fVWaMkKukeEAWscCS,264,323,5,2015-10-15T11:32:23.852Z,2015-11-19T21:47:35.087Z
162,The West pediment,6ArsqYNvVKK4SGG48qwa0w,251,328,5,2015-10-15T11:00:09.948Z,2015-11-20T12:26:06.138Z
163,Tomb-painting of a hunt in the marshes,369DM8h25GU2Y0O4wWayam,373,264,9,2015-08-24T08:50:02.606Z,2015-11-20T12:28:38.874Z
164,Statue of King Ramesses II,1OfXLdyP7KkesK6gyOyYww,203,124,7,2015-08-24T08:16:20.947Z,2015-11-20T11:45:00.021Z
165,Image of Roman emperor,60sn0B0XQsGuekigoq0e2y,452,237,6,2015-10-18T11:37:12.399Z,2015-11-19T20:53:50.323Z
166,The Lyte Jewel,3snweHzO4wOcSiwwiWsYeM,103,NULL,11,2015-10-13T19:05:09.993Z,2015-11-20T12:07:32.738Z
167,Sculpture of Iris,3g5cIpZu0oOgWSCOKCeg2u,254,330,5,2015-10-15T11:02:55.508Z,2015-11-20T11:19:29.452Z
168,Gold ear-stud,xI1rkOfEJigs4mY4UwgG0,552,289,5,2015-10-18T14:47:21.256Z,2015-12-07T14:20:43.585Z
169,Drum from Ghana,45SI9zfmTY4UWmwOQ2iAig,152,171,11,2015-08-24T08:28:55.920Z,2016-09-16T08:43:06.440Z
170,Amphora of Achilles,OplvgnBcEoqmwWUIEGoiO,231,137,7,2015-10-15T10:44:10.444Z,2015-11-24T16:58:14.563Z
171,Sculpture titled Throne of Weapons,yDV8QrHPZm0EYY8saU4uW,180,164,6,2015-08-24T08:27:55.775Z,2015-11-20T11:26:32.525Z
172,The Rosetta Stone,rFCSnv0AmcEIW6kIsC6mg,204,123,72,2015-07-27T13:14:57.552Z,2015-11-30T16:26:42.544Z
173,Bust of Oliver Cromwell,3OVLXlzW7us0Yg0kUcuaYS,491,229,5,2015-10-18T11:50:50.476Z,2015-11-19T16:54:13.387Z
174,Vessel with flowers (kundika),65yS7lLn2MSgwYkqgIKyye,326,207,6,2015-10-14T16:34:23.367Z,2015-11-28T17:03:35.818Z
175,The Lothair Crystal,1T5jNp6dkk2GoeSEMCgiwE,467,226,8,2015-08-24T08:46:11.481Z,2015-12-04T12:29:49.493Z
176,Jomon pot,2QxgioZeMUeKqeiYCoagAO,592,297,7,2015-10-18T15:00:05.573Z,2015-11-30T11:52:10.774Z
177,The Dying Lion relief,5ZajXlA4dGK4egIEqGq6Q0,401,NULL,8,2015-10-14T11:28:03.213Z,2015-11-20T11:54:21.321Z
178,Ming dynasty banknote,2hQk8O44rG4KyIeAcIaYEU,524,280,6,2015-08-24T08:57:27.744Z,2015-11-19T21:14:03.080Z
179,Head of a king,4dyl8Q1c5aeouSyaA4gyuY,184,157,10,2015-10-15T10:18:28.646Z,2015-11-30T11:17:14.215Z
180,Figurine of a woman,3sCnwXT7gIYGgQkCYOO4o,221,134,7,2015-08-24T08:23:17.185Z,2015-11-19T20:32:55.571Z
181,Etruscan sarcophagus,6dLh8DK1kkqwq4MsS44Ws8,551,288,6,2015-08-24T08:58:27.428Z,2015-11-19T20:20:30.491Z
182,Figure holding a fish,5HD7BxfvB6qA8MaCIseWoW,166,155,6,2015-10-14T20:20:09.774Z,2015-11-19T20:25:59.755Z
183,Scholar's study (sarangbang),3Fi36IuPSUeOGcwKgsqwW8,322,203,11,2015-08-24T08:53:13.103Z,2015-11-29T15:27:37.604Z
184,Head of a queen mother,6Z6qHAsx68SYM8OcEWEuIO,185,160,5,2015-10-15T10:19:47.382Z,2015-11-19T20:48:25.172Z
185,Japanese netsuke,3AlMFvBIZyWYCmAsS00gUg,596,NULL,5,2015-10-14T16:27:46.423Z,2015-11-19T21:00:56.249Z
186,Oil-jar of Odysseus,1tI7dQGx3O0mKGeQEsCYq6,235,138,5,2015-10-15T10:48:33.676Z,2015-11-19T21:30:08.012Z
187,Greek armour,10qOqoHCDokUCaIkA4C8IU,533,282,4,2015-10-18T14:41:45.708Z,2015-11-19T20:39:51.780Z
188,Month-going watch,3MPK3STw4UKuImeiikE0WQ,512,217,4,2015-10-18T12:07:40.925Z,2015-11-19T21:22:19.941Z
189,Silver plate of a lion hunt,6XghYz9UvmMaYGsKKoQAYY,422,NULL,5,2015-10-14T11:33:43.155Z,2015-11-20T11:38:15.421Z
190,Inner coffin of Hornedjitef,5sZX8NI12gSwekwygMaMYw,364,NULL,10,2015-08-24T08:50:22.023Z,2015-12-08T13:42:53.991Z
191,Mummy of a cat,5tGAnNBkbewUEGmqa2iW0a,368,NULL,6,2015-10-14T11:16:47.864Z,2015-12-30T13:23:11.218Z
192,The Lewis Chessmen,5AHglitEWcsMkieWs20agC,502,218,12,2015-08-24T08:41:45.807Z,2015-11-20T12:08:26.637Z
193,The Standard of Ur,73PhxvClQACW6iyeWgMoOM,394,259,6,2015-08-24T08:49:41.669Z,2015-11-20T12:21:35.360Z
194,South frieze of horsemen,5KEypkvNJKSYwcWmwyW28Y,255,336,6,2015-10-15T11:04:11.874Z,2015-11-20T11:43:38.899Z
195,Relief of the attack on Lachish,2nvxSuLlJaqAK8qyYWwac0,215,132,7,2015-10-15T10:36:16.659Z,2015-11-20T11:29:33.346Z
196,Hunters palette,2xiBlbQd7a2IgwwcMQsoak,353,NULL,7,2015-08-24T08:52:53.783Z,2015-11-19T20:52:17.993Z
197,Painting of Sir Hans Sloane,ID9jquhDwak6O8Go2QW44,111,NULL,10,2015-08-24T08:25:47.979Z,2015-11-23T14:19:17.732Z
198,Relief of the storm god,6wvWL39YPumg0KGq0UK6y0,412,254,4,2015-10-18T11:11:51.134Z,2015-11-19T21:43:12.363Z
199,Luzira Head,1bukfgJuaQwAWec8WqMMaQ,175,NULL,6,2015-10-14T08:54:23.280Z,2015-11-19T21:09:28.661Z
200,The Royal Gold Cup,tte1Hjkri8k46uws4UMiw,505,219,9,2015-08-24T08:42:33.627Z,2015-11-20T12:42:14.745Z
201,Fish-shaped cosmetic box,1iOPMKcKxMaIgEqsqMGGg8,383,262,4,2015-10-18T10:55:13.083Z,2015-11-19T20:34:30.334Z
202,Astrolabe with Hebrew characters,1Y7WYYfto8EGAoGyKeGkQo,501,222,10,2015-10-18T11:56:01.905Z,2015-12-02T12:11:56.753Z
203,Dr Dee's magical mirror,6qKnZgBzEskUmSaUGw0kCa,130,109,7,2015-10-14T18:47:25.969Z,2015-11-30T11:19:33.173Z
204,The Battersea Shield,1uTigWWBm4W4E88IKwcyO6,442,242,5,2015-10-18T11:30:13.302Z,2015-11-26T21:39:28.660Z
205,Clock movement and pamphlet,3uwiIzaIpqGsUUwWW4ggQM,113,NULL,8,2015-10-13T19:16:45.186Z,2015-12-07T13:58:32.456Z
206,The Cyrus Cylinder,1uphINiEeAe2i8aMIGeEcq,424,251,5,2015-10-18T11:16:19.878Z,2015-11-20T11:50:22.507Z
207,Vase of Odysseus and the Sirens,4SvDWVeOkUKsYsK0cyiEQ0,534,282,5,2015-10-18T14:43:09.599Z,2015-11-20T12:34:15.842Z
208,Bust of Sir Robert Smirke,f54Jme5EkgG428EwuSO04,125,101,8,2015-08-24T08:17:09.692Z,2015-11-19T16:55:12.105Z
209,East frieze of the gods,5Cf5m7onPGEieGU2EECwqU,257,338,6,2015-10-15T11:08:10.271Z,2015-11-20T12:06:40.129Z
210,The Vale of York Viking hoard,6WLAQ9B7WgaucgK8mQOsOC,464,240,11,2015-08-24T08:46:46.037Z,2015-11-26T20:05:28.332Z
211,Hinton St Mary mosaic,31pYcj2jDWMg8IImEmKE6g,453,236,12,2015-08-24T08:48:03.666Z,2016-01-05T13:59:06.812Z
212,Babylonian map of the world,1HhwmZRBz2K44Os6G6aUMo,402,257,7,2015-10-18T11:08:42.401Z,2015-11-21T22:53:45.285Z
213,Gold cape from Mold,33tRWpjGA0IIyAgyEqKYoO,435,245,5,2015-10-18T11:25:38.330Z,2016-08-08T10:06:17.135Z
214,Hedwig Beaker,nYqNT0g7lI0wkywMUUqQG,292,199,6,2015-10-15T11:47:04.790Z,2015-11-30T11:36:17.361Z
215,Basse-Yutz flagons,42EonOvAEEqGM24UoecQei,441,241,8,2015-10-18T11:28:47.782Z,2015-12-07T14:16:25.656Z
216,Gebelein Man,56YtSKWnjOGieasO4Egu8w,352,271,10,2015-08-24T08:52:12.047Z,2015-11-19T20:36:56.208Z
217,Pair of griffin-demon figures,rvk8kS40x2qywYQq8uAYc,413,NULL,5,2015-10-14T11:32:14.621Z,2015-11-19T21:34:41.060Z
218,Gold earrings and bangles,7EfXqrCl9Ky8GCqa4CASCK,371,NULL,5,2015-10-14T11:20:55.079Z,2015-11-19T20:39:22.621Z
219,The Uruk Trough,2Btdqs4WZyu04UUOeEiAcg,391,NULL,6,2015-10-14T11:25:28.966Z,2015-12-08T13:42:33.344Z
220,The Cuerdale Viking hoard,7lEjUDy1IQ0Q60UUCaqawm,463,NULL,8,2015-08-24T08:47:32.630Z,2015-11-20T11:49:52.987Z
221,False door of Ptahshepses,6kWt2fXGa4iaSGSMsCaGiA,206,122,6,2015-10-15T10:27:26.989Z,2015-11-19T20:21:15.549Z
222,Lindow Man,19kfJVj4GUo0Eq48EgoSUO,444,244,6,2015-10-18T11:34:13.625Z,2015-12-07T14:16:37.962Z
223,Carving of a king,23UlV7jHnuAoOc80aqEWGY,179,159,6,2015-10-14T20:38:02.882Z,2015-11-19T16:56:23.269Z
224,Mechanical galleon,3RuhqPnOpyCgGUqaQ8EIWs,513,214,5,2015-10-18T12:10:05.513Z,2015-11-19T21:11:07.069Z
225,Relief of King Ashurnasirpal II,5waj036VCoKYAO4qgmGWAm,213,129,5,2015-10-15T10:34:06.968Z,2015-11-19T21:40:14.086Z
226,Tiffany cash register,2F81AJZCzmsUyy2u4W0mAA,528,NULL,5,2015-10-14T12:30:33.568Z,2015-11-20T12:26:34.272Z
227,Head of Buddha,2F0Z9LoS3SEISMC6oe2Iyq,304,189,7,2015-10-15T11:58:05.839Z,2015-11-30T11:22:49.045Z
228,Zulu headrest,32xQCR7owUyaIS4YUG6qCi,176,NULL,6,2015-10-14T08:56:02.818Z,2015-11-20T12:50:32.425Z
229,Tomb-painting of a feast,5TISpVISI0gSiwAWE6mMOA,372,265,7,2015-10-18T10:52:44.838Z,2015-11-20T12:27:28.250Z
230,Wooden figure from Mali,R38LZpOJWwe88iAG20csG,178,NULL,6,2015-10-14T09:00:58.941Z,2015-11-20T12:48:38.084Z
231,Michelangelo cartoon,4peDNHt928w8qKg4ac6IyC,581,294,4,2015-10-18T14:55:51.404Z,2015-11-19T21:12:55.248Z
232,Figurine of a silver bull,1gSJzqzdb8sckGeQAas62G,411,255,4,2015-10-18T11:10:21.083Z,2015-11-19T20:32:25.425Z
233,Sculpture of Athena and Poseidon,22ICTdrLgAIQu8yuA6W6qS,253,331,8,2015-10-15T11:01:34.419Z,2015-11-20T11:50:39.307Z
234,The Pegasus Vase,1j6Pf8WIGsggYwiiCMG8kw,471,231,5,2015-10-18T11:44:24.516Z,2016-01-15T15:08:49.276Z
235,Sculpture of Maya maize god,1FC0zCWSKwkoGYYEsWKGsk,129,108,10,2015-08-24T08:20:51.137Z,2015-11-20T11:21:02.457Z
236,Ceramic female statuette,3TdoiaYrOoUEesQA86U2km,354,NULL,6,2015-10-14T11:15:20.247Z,2015-11-19T16:59:17.980Z
237,Wedgwood tea set,4NJMVZSTTaGSaKysQOaKaw,472,233,7,2015-10-18T11:46:21.206Z,2015-12-04T12:38:42.197Z
238,Jade cong,3zFZbWEas8Gseg86ioGAS2,311,191,7,2015-10-15T12:03:41.652Z,2016-07-13T14:37:12.583Z
239,Defaced dedicatory inscription,5TTf5zdZCgaeQuiYcWCkyk,274,NULL,6,2015-10-14T11:08:00.046Z,2015-11-19T20:10:18.020Z
240,Artwork titled Copper from the Hood,3R0fzt1aLmc0UWCWq6oEUy,193,NULL,9,2015-10-14T11:03:12.594Z,2015-12-08T13:35:22.031Z
241,Turret clock,112eBXrulSSyISkaucKyws,515,213,4,2015-10-18T12:13:39.080Z,2015-11-20T12:32:55.266Z
242,Warrior shirt,3FDA7FrifY4S2yAAcOS8sE,157,NULL,7,2015-10-13T21:06:55.584Z,2016-09-16T08:45:49.517Z
243,Dog sled,4nn4RFGVmgmCewAomCYU82,163,154,7,2015-10-14T20:16:11.385Z,2015-11-19T20:11:06.783Z
244,Memorial poles,2CHWZ5czeckAmasmQMMcSw,192,NULL,7,2015-10-14T11:00:49.777Z,2015-12-08T13:40:57.252Z
245,Figure of a dog,6oL35kDXB6E6qKkwQwEsao,177,158,5,2015-10-14T20:33:41.111Z,2015-11-19T20:27:39.341Z
246,Coin of Croesus,4zgzouuY48UUwmQi6GsMmi,232,276,6,2015-10-15T10:45:32.512Z,2015-11-23T15:20:39.695Z
247,Bust of Perikles,2Q7n6L3QoUyQEQAqA6EU8K,236,141,8,2015-10-15T10:49:22.779Z,2015-11-19T16:54:39.419Z
248,Samurai armour,5cN79SrhHqCySI0A4Cc64O,594,296,6,2015-10-18T15:03:49.793Z,2015-11-19T21:44:37.057Z
249,Figure of a luohan,6P6rsZ8vewsaQm6mwC8g2s,316,180,17,2015-08-24T08:34:43.647Z,2016-07-25T11:21:04.654Z
250,Moon jar,4wYKYmGtWEGoSmMCcaE2M6,324,204,7,2015-08-24T08:53:33.798Z,2015-11-19T21:22:49.619Z
251,Carved mask,4R072S56neC6U84GiKmMi8,182,NULL,7,2015-10-14T10:50:34.433Z,2015-12-08T13:43:09.708Z
252,The Sutton Hoo Helmet,2TnwdAWfVSoMcmIo2wui0K,465,225,8,2015-08-24T08:44:25.952Z,2015-11-20T12:21:59.516Z
253,Letter to an Egyptologist,pDQclE4wz6GyMsEA6IAyM,128,107,11,2015-08-24T08:20:24.392Z,2015-11-29T13:34:47.601Z
254,Coiled basket,1BJK4sZ7Bm0K0agAkKEcwW,156,NULL,7,2015-10-13T21:00:56.370Z,2016-09-16T08:45:20.152Z
255,Mummy of Artemidorus,R92QNSk1ywKuSyawmuK0o,366,270,5,2015-10-18T10:51:32.385Z,2015-12-04T12:30:20.247Z
256,Model of a canoe,3mBNupEHdSQOmYSuUWwOOm,155,NULL,7,2015-10-13T20:46:41.816Z,2016-09-16T08:44:54.329Z
257,Coin of Lysimachos,2AYEiWm8zYcMqM8ekSWskg,282,149,6,2015-10-15T11:44:11.822Z,2015-11-23T15:12:16.261Z
258,Figure of Shiva Nataraja,2uvUSsUf8Q2ucYMoOWSSiu,306,182,8,2015-10-15T12:00:16.520Z,2016-07-13T14:27:19.771Z
259,Tablet of food supplies,5thai0ihUcwscYakmsgKmu,392,260,4,2015-10-18T10:56:56.993Z,2015-11-20T11:48:19.849Z
260,Chronometer from HMS Beagle,3cKfEMIVbWiCM4CeEaqOyQ,514,215,6,2015-10-18T12:11:30.197Z,2015-11-30T11:37:16.069Z
